,district,Year,mean,month,Visitors
0,Adilabad,2016,422963.0833333333,January,792136.0
1,Bhadradri Kothagudem ,2016,296343.3333333333,January,
2,Hyderabad,2016,1949558.75,January,1122510.0
3,Jagtial ,2016,207692.3333333333,January,
4,Jangaon ,2016,13553.333333333334,January,
5,Jayashankar Bhoopalpally,2016,81133.33333333333,January,
6,Jogulamba Gadwal ,2016,174467.0,January,
7,Kamareddy ,2016,42.333333333333336,January,
8,Karimnagar ,2016,763955.6666666666,January,1984442.0
9,Khammam,2016,417085.9166666667,January,651827.0
10,Komaram Bheem Asifabad,2016,0.0,January,
11,Mahabubabad ,2016,46667.333333333336,January,
12,Mahbubnagar,2016,692063.8333333334,January,577071.0
13,Mancherial,2016,2600.6666666666665,January,
14,Medak ,2016,288600.0,January,92600.0
15,Nagarkurnool ,2016,196157.66666666663,January,
16,Nalgonda,2016,488205.0833333333,January,566515.0
17,Nirmal,2016,305536.6666666667,January,
18,Nizamabad,2016,536.8333333333334,January,576.0
19,Peddapalli,2016,1081.3333333333333,January,
20,Rajanna Sircilla ,2016,725600.3333333334,January,
21,Sangareddy ,2016,259333.3333333333,January,
22,Siddipet,2016,119466.66666666669,January,
23,Wanaparthy ,2016,20046.0,January,
24,Warangal (Rural),2016,6466.666666666667,January,
25,Warangal (Urban),2016,2149002.9166666665,January,1985815.0
26,Yadadri Bhongir,2016,576200.0,January,
27,Adilabad,2017,68781.66666666667,January,318799.0
28,Bhadradri Kothagudem ,2017,341193.0833333333,January,302315.0
29,Hyderabad,2017,2263353.5,January,1924695.0
30,Jagtial ,2017,303450.0833333333,January,174477.0
31,Jangaon ,2017,13809.0,January,12280.0
32,Jayashankar Bhoopalpally,2017,152584.16666666666,January,96560.0
33,Jogulamba Gadwal ,2017,187116.5833333333,January,214887.0
34,Kamareddy ,2017,45.0,January,58.0
35,Karimnagar ,2017,10331.333333333334,January,14425.0
36,Khammam,2017,128533.58333333331,January,132528.0
37,Komaram Bheem Asifabad,2017,4249.25,January,2241.0
38,Mahabubabad ,2017,11817.916666666666,January,13260.0
39,Mahbubnagar,2017,290685.75,January,446135.0
40,Mancherial,2017,15968.833333333334,January,2937.0
41,Medak ,2017,643905.75,January,523000.0
42,Nagarkurnool ,2017,221137.0833333333,January,382879.0
43,Nalgonda,2017,20159.666666666668,January,4447.0
44,Nirmal,2017,367090.25,January,340311.0
45,Nizamabad,2017,1829.0833333333333,January,613.0
46,Peddapalli,2017,1241.5,January,1345.0
47,Rajanna Sircilla ,2017,993278.9166666666,January,615842.0
48,Sangareddy ,2017,235287.5,January,195000.0
49,Siddipet,2017,95476.75,January,80500.0
50,Wanaparthy ,2017,20391.75,January,22152.0
51,Warangal (Rural),2017,12020.833333333334,January,8000.0
52,Warangal (Urban),2017,118333.5,January,130608.0
53,Yadadri Bhongir,2017,583477.3333333334,January,678000.0
54,Adilabad,2018,53728.583333333336,January,320356.0
55,Bhadradri Kothagudem ,2018,316656.5,January,421275.0
56,Hyderabad,2018,1628637.5833333333,January,1978396.0
57,Jagtial ,2018,329410.0833333333,January,614082.0
58,Jangaon ,2018,24251.83333333333,January,17180.0
59,Jayashankar Bhoopalpally,2018,1407993.75,January,6519850.0
60,Jogulamba Gadwal ,2018,169712.08333333334,January,146441.0
61,Kamareddy ,2018,47.66666666666666,January,44.0
62,Karimnagar ,2018,7787.333333333333,January,13505.0
63,Khammam,2018,118120.08333333331,January,110094.0
64,Komaram Bheem Asifabad,2018,1879.5,January,2863.0
65,Mahabubabad ,2018,13832.916666666666,January,14000.0
66,Mahbubnagar,2018,237692.3333333333,January,156153.0
67,Mancherial,2018,33167.0,January,71955.0
68,Medak ,2018,325000.0,January,100000.0
69,Nagarkurnool ,2018,174077.08333333334,January,228812.0
70,Nalgonda,2018,13386.5,January,36205.0
71,Nirmal,2018,348110.4166666667,January,480241.0
72,Nizamabad,2018,3451.9166666666665,January,2495.0
73,Peddapalli,2018,1854.5,January,2670.0
74,Rajanna Sircilla ,2018,902852.5833333334,January,2238074.0
75,Sangareddy ,2018,189158.3333333333,January,254000.0
76,Siddipet,2018,106941.66666666669,January,253000.0
77,Wanaparthy ,2018,23883.33333333333,January,28131.0
78,Warangal (Rural),2018,25167.666666666668,January,25200.0
79,Warangal (Urban),2018,143611.33333333334,January,137530.0
80,Yadadri Bhongir,2018,1139448.1666666667,January,2016000.0
81,Adilabad,2019,64657.91666666666,January,25071.0
82,Bhadradri Kothagudem ,2019,1068144.75,January,283365.0
83,Hyderabad,2019,1150196.8333333333,January,1426500.0
84,Jagtial ,2019,257176.25,January,211913.0
85,Jangaon ,2019,27407.5,January,28750.0
86,Jayashankar Bhoopalpally,2019,55210.833333333336,January,197430.0
87,Jogulamba Gadwal ,2019,167332.91666666666,January,146441.0
88,Kamareddy ,2019,44.5,January,42.0
89,Karimnagar ,2019,6457.583333333333,January,10285.0
90,Khammam,2019,117786.66666666669,January,123550.0
91,Komaram Bheem Asifabad,2019,1599.0833333333333,January,2476.0
92,Mahabubabad ,2019,12740.416666666666,January,13480.0
93,Mahbubnagar,2019,211234.5833333333,January,168082.0
94,Mancherial,2019,22484.166666666668,January,18420.0
95,Medak ,2019,454380.8333333333,January,400000.0
96,Mulugu,2019,151650.0,January,0.0
97,Nagarkurnool ,2019,174442.66666666666,January,228812.0
98,Nalgonda,2019,11743.166666666666,January,21284.0
99,Narayanapet,2019,64875.0,January,
100,Nirmal,2019,318064.8333333333,January,313675.0
101,Nizamabad,2019,3861.0833333333335,January,878.0
102,Peddapalli,2019,1381.75,January,1055.0
103,Rajanna Sircilla ,2019,1402741.4166666667,January,6188298.0
104,Sangareddy ,2019,379430.0,January,144000.0
105,Siddipet,2019,248988.66666666663,January,140793.0
106,Wanaparthy ,2019,24886.58333333333,January,28131.0
107,Warangal (Rural),2019,29458.33333333333,January,28700.0
108,Warangal (Urban),2019,149602.5,January,151545.0
109,Yadadri Bhongir,2019,374114.5,January,479293.0
110,Adilabad,2016,422963.0833333333,February,937820.0
111,Bhadradri Kothagudem ,2016,296343.3333333333,February,
112,Hyderabad,2016,1949558.75,February,778748.0
113,Jagtial ,2016,207692.3333333333,February,
114,Jangaon ,2016,13553.333333333334,February,
115,Jayashankar Bhoopalpally,2016,81133.33333333333,February,
116,Jogulamba Gadwal ,2016,174467.0,February,
117,Kamareddy ,2016,42.333333333333336,February,
118,Karimnagar ,2016,763955.6666666666,February,779960.0
119,Khammam,2016,417085.9166666667,February,407533.0
120,Komaram Bheem Asifabad,2016,0.0,February,
121,Mahabubabad ,2016,46667.333333333336,February,
122,Mahbubnagar,2016,692063.8333333334,February,1312068.0
123,Mancherial,2016,2600.6666666666665,February,
124,Medak ,2016,288600.0,February,215000.0
125,Nagarkurnool ,2016,196157.66666666663,February,
126,Nalgonda,2016,488205.0833333333,February,539467.0
127,Nirmal,2016,305536.6666666667,February,
128,Nizamabad,2016,536.8333333333334,February,869.0
129,Peddapalli,2016,1081.3333333333333,February,
130,Rajanna Sircilla ,2016,725600.3333333334,February,
131,Sangareddy ,2016,259333.3333333333,February,
132,Siddipet,2016,119466.66666666669,February,
133,Wanaparthy ,2016,20046.0,February,
134,Warangal (Rural),2016,6466.666666666667,February,
135,Warangal (Urban),2016,2149002.9166666665,February,20703778.0
136,Yadadri Bhongir,2016,576200.0,February,
137,Adilabad,2017,68781.66666666667,February,83316.0
138,Bhadradri Kothagudem ,2017,341193.0833333333,February,251359.0
139,Hyderabad,2017,2263353.5,February,1886698.0
140,Jagtial ,2017,303450.0833333333,February,159659.0
141,Jangaon ,2017,13809.0,February,12610.0
142,Jayashankar Bhoopalpally,2017,152584.16666666666,February,96850.0
143,Jogulamba Gadwal ,2017,187116.5833333333,February,481110.0
144,Kamareddy ,2017,45.0,February,50.0
145,Karimnagar ,2017,10331.333333333334,February,10845.0
146,Khammam,2017,128533.58333333331,February,115470.0
147,Komaram Bheem Asifabad,2017,4249.25,February,2490.0
148,Mahabubabad ,2017,11817.916666666666,February,13045.0
149,Mahbubnagar,2017,290685.75,February,805392.0
150,Mancherial,2017,15968.833333333334,February,3130.0
151,Medak ,2017,643905.75,February,543321.0
152,Nagarkurnool ,2017,221137.0833333333,February,286258.0
153,Nalgonda,2017,20159.666666666668,February,8652.0
154,Nirmal,2017,367090.25,February,415326.0
155,Nizamabad,2017,1829.0833333333333,February,1752.0
156,Peddapalli,2017,1241.5,February,1378.0
157,Rajanna Sircilla ,2017,993278.9166666666,February,1255569.0
158,Sangareddy ,2017,235287.5,February,140000.0
159,Siddipet,2017,95476.75,February,80500.0
160,Wanaparthy ,2017,20391.75,February,22342.0
161,Warangal (Rural),2017,12020.833333333334,February,8300.0
162,Warangal (Urban),2017,118333.5,February,126608.0
163,Yadadri Bhongir,2017,583477.3333333334,February,540500.0
164,Adilabad,2018,53728.583333333336,February,36550.0
165,Bhadradri Kothagudem ,2018,316656.5,February,240634.0
166,Hyderabad,2018,1628637.5833333333,February,1365837.0
167,Jagtial ,2018,329410.0833333333,February,349576.0
168,Jangaon ,2018,24251.83333333333,February,18600.0
169,Jayashankar Bhoopalpally,2018,1407993.75,February,8626250.0
170,Jogulamba Gadwal ,2018,169712.08333333334,February,481110.0
171,Kamareddy ,2018,47.66666666666666,February,44.0
172,Karimnagar ,2018,7787.333333333333,February,9330.0
173,Khammam,2018,118120.08333333331,February,104444.0
174,Komaram Bheem Asifabad,2018,1879.5,February,2736.0
175,Mahabubabad ,2018,13832.916666666666,February,14230.0
176,Mahbubnagar,2018,237692.3333333333,February,788083.0
177,Mancherial,2018,33167.0,February,38599.0
178,Medak ,2018,325000.0,February,1000000.0
179,Nagarkurnool ,2018,174077.08333333334,February,286258.0
180,Nalgonda,2018,13386.5,February,9971.0
181,Nirmal,2018,348110.4166666667,February,335447.0
182,Nizamabad,2018,3451.9166666666665,February,7152.0
183,Peddapalli,2018,1854.5,February,2695.0
184,Rajanna Sircilla ,2018,902852.5833333334,February,1021787.0
185,Sangareddy ,2018,189158.3333333333,February,540000.0
186,Siddipet,2018,106941.66666666669,February,44000.0
187,Wanaparthy ,2018,23883.33333333333,February,22341.0
188,Warangal (Rural),2018,25167.666666666668,February,26300.0
189,Warangal (Urban),2018,143611.33333333334,February,145750.0
190,Yadadri Bhongir,2018,1139448.1666666667,February,3073872.0
191,Adilabad,2019,64657.91666666666,February,406177.0
192,Bhadradri Kothagudem ,2019,1068144.75,February,229159.0
193,Hyderabad,2019,1150196.8333333333,February,983147.0
194,Jagtial ,2019,257176.25,February,215105.0
195,Jangaon ,2019,27407.5,February,28810.0
196,Jayashankar Bhoopalpally,2019,55210.833333333336,February,33500.0
197,Jogulamba Gadwal ,2019,167332.91666666666,February,481110.0
198,Kamareddy ,2019,44.5,February,41.0
199,Karimnagar ,2019,6457.583333333333,February,6480.0
200,Khammam,2019,117786.66666666669,February,98471.0
201,Komaram Bheem Asifabad,2019,1599.0833333333333,February,1449.0
202,Mahabubabad ,2019,12740.416666666666,February,13545.0
203,Mahbubnagar,2019,211234.5833333333,February,798949.0
204,Mancherial,2019,22484.166666666668,February,26325.0
205,Medak ,2019,454380.8333333333,February,600000.0
206,Mulugu,2019,151650.0,February,159640.0
207,Nagarkurnool ,2019,174442.66666666666,February,286258.0
208,Nalgonda,2019,11743.166666666666,February,13697.0
209,Narayanapet,2019,64875.0,February,
210,Nirmal,2019,318064.8333333333,February,443898.0
211,Nizamabad,2019,3861.0833333333335,February,915.0
212,Peddapalli,2019,1381.75,February,1157.0
213,Rajanna Sircilla ,2019,1402741.4166666667,February,1015550.0
214,Sangareddy ,2019,379430.0,February,148000.0
215,Siddipet,2019,248988.66666666663,February,199549.0
216,Wanaparthy ,2019,24886.58333333333,February,22342.0
217,Warangal (Rural),2019,29458.33333333333,February,28800.0
218,Warangal (Urban),2019,149602.5,February,157755.0
219,Yadadri Bhongir,2019,374114.5,February,56525.0
220,Adilabad,2016,422963.0833333333,March,582946.0
221,Bhadradri Kothagudem ,2016,296343.3333333333,March,
222,Hyderabad,2016,1949558.75,March,1017794.0
223,Jagtial ,2016,207692.3333333333,March,
224,Jangaon ,2016,13553.333333333334,March,
225,Jayashankar Bhoopalpally,2016,81133.33333333333,March,
226,Jogulamba Gadwal ,2016,174467.0,March,
227,Kamareddy ,2016,42.333333333333336,March,
228,Karimnagar ,2016,763955.6666666666,March,1018399.0
229,Khammam,2016,417085.9166666667,March,458527.0
230,Komaram Bheem Asifabad,2016,0.0,March,
231,Mahabubabad ,2016,46667.333333333336,March,
232,Mahbubnagar,2016,692063.8333333334,March,1731983.0
233,Mancherial,2016,2600.6666666666665,March,
234,Medak ,2016,288600.0,March,1318000.0
235,Nagarkurnool ,2016,196157.66666666663,March,
236,Nalgonda,2016,488205.0833333333,March,619462.0
237,Nirmal,2016,305536.6666666667,March,
238,Nizamabad,2016,536.8333333333334,March,408.0
239,Peddapalli,2016,1081.3333333333333,March,
240,Rajanna Sircilla ,2016,725600.3333333334,March,
241,Sangareddy ,2016,259333.3333333333,March,
242,Siddipet,2016,119466.66666666669,March,
243,Wanaparthy ,2016,20046.0,March,
244,Warangal (Rural),2016,6466.666666666667,March,
245,Warangal (Urban),2016,2149002.9166666665,March,568397.0
246,Yadadri Bhongir,2016,576200.0,March,
247,Adilabad,2017,68781.66666666667,March,27508.0
248,Bhadradri Kothagudem ,2017,341193.0833333333,March,243943.0
249,Hyderabad,2017,2263353.5,March,1783903.0
250,Jagtial ,2017,303450.0833333333,March,323658.0
251,Jangaon ,2017,13809.0,March,8450.0
252,Jayashankar Bhoopalpally,2017,152584.16666666666,March,81400.0
253,Jogulamba Gadwal ,2017,187116.5833333333,March,155013.0
254,Kamareddy ,2017,45.0,March,41.0
255,Karimnagar ,2017,10331.333333333334,March,9625.0
256,Khammam,2017,128533.58333333331,March,101878.0
257,Komaram Bheem Asifabad,2017,4249.25,March,2767.0
258,Mahabubabad ,2017,11817.916666666666,March,9100.0
259,Mahbubnagar,2017,290685.75,March,178256.0
260,Mancherial,2017,15968.833333333334,March,2775.0
261,Medak ,2017,643905.75,March,548535.0
262,Nagarkurnool ,2017,221137.0833333333,March,184508.0
263,Nalgonda,2017,20159.666666666668,March,8054.0
264,Nirmal,2017,367090.25,March,442057.0
265,Nizamabad,2017,1829.0833333333333,March,660.0
266,Peddapalli,2017,1241.5,March,965.0
267,Rajanna Sircilla ,2017,993278.9166666666,March,1030441.0
268,Sangareddy ,2017,235287.5,March,275000.0
269,Siddipet,2017,95476.75,March,80500.0
270,Wanaparthy ,2017,20391.75,March,20050.0
271,Warangal (Rural),2017,12020.833333333334,March,7800.0
272,Warangal (Urban),2017,118333.5,March,118298.0
273,Yadadri Bhongir,2017,583477.3333333334,March,525588.0
274,Adilabad,2018,53728.583333333336,March,23011.0
275,Bhadradri Kothagudem ,2018,316656.5,March,421275.0
276,Hyderabad,2018,1628637.5833333333,March,1415938.0
277,Jagtial ,2018,329410.0833333333,March,416716.0
278,Jangaon ,2018,24251.83333333333,March,17300.0
279,Jayashankar Bhoopalpally,2018,1407993.75,March,146150.0
280,Jogulamba Gadwal ,2018,169712.08333333334,March,155013.0
281,Kamareddy ,2018,47.66666666666666,March,45.0
282,Karimnagar ,2018,7787.333333333333,March,7205.0
283,Khammam,2018,118120.08333333331,March,127152.0
284,Komaram Bheem Asifabad,2018,1879.5,March,1826.0
285,Mahabubabad ,2018,13832.916666666666,March,13110.0
286,Mahbubnagar,2018,237692.3333333333,March,166863.0
287,Mancherial,2018,33167.0,March,20749.0
288,Medak ,2018,325000.0,March,600000.0
289,Nagarkurnool ,2018,174077.08333333334,March,184508.0
290,Nalgonda,2018,13386.5,March,9677.0
291,Nirmal,2018,348110.4166666667,March,328099.0
292,Nizamabad,2018,3451.9166666666665,March,2903.0
293,Peddapalli,2018,1854.5,March,2325.0
294,Rajanna Sircilla ,2018,902852.5833333334,March,1022669.0
295,Sangareddy ,2018,189158.3333333333,March,158500.0
296,Siddipet,2018,106941.66666666669,March,164800.0
297,Wanaparthy ,2018,23883.33333333333,March,20050.0
298,Warangal (Rural),2018,25167.666666666668,March,26200.0
299,Warangal (Urban),2018,143611.33333333334,March,140300.0
300,Yadadri Bhongir,2018,1139448.1666666667,March,2836580.0
301,Adilabad,2019,64657.91666666666,March,14347.0
302,Bhadradri Kothagudem ,2019,1068144.75,March,225448.0
303,Hyderabad,2019,1150196.8333333333,March,1009991.0
304,Jagtial ,2019,257176.25,March,194090.0
305,Jangaon ,2019,27407.5,March,27300.0
306,Jayashankar Bhoopalpally,2019,55210.833333333336,March,37500.0
307,Jogulamba Gadwal ,2019,167332.91666666666,March,155013.0
308,Kamareddy ,2019,44.5,March,45.0
309,Karimnagar ,2019,6457.583333333333,March,6634.0
310,Khammam,2019,117786.66666666669,March,91340.0
311,Komaram Bheem Asifabad,2019,1599.0833333333333,March,1212.0
312,Mahabubabad ,2019,12740.416666666666,March,13490.0
313,Mahbubnagar,2019,211234.5833333333,March,173658.0
314,Mancherial,2019,22484.166666666668,March,16253.0
315,Medak ,2019,454380.8333333333,March,1000000.0
316,Mulugu,2019,151650.0,March,156610.0
317,Nagarkurnool ,2019,174442.66666666666,March,184508.0
318,Nalgonda,2019,11743.166666666666,March,8467.0
319,Narayanapet,2019,64875.0,March,
320,Nirmal,2019,318064.8333333333,March,424964.0
321,Nizamabad,2019,3861.0833333333335,March,938.0
322,Peddapalli,2019,1381.75,March,895.0
323,Rajanna Sircilla ,2019,1402741.4166666667,March,1444971.0
324,Sangareddy ,2019,379430.0,March,747000.0
325,Siddipet,2019,248988.66666666663,March,204600.0
326,Wanaparthy ,2019,24886.58333333333,March,20050.0
327,Warangal (Rural),2019,29458.33333333333,March,29000.0
328,Warangal (Urban),2019,149602.5,March,154305.0
329,Yadadri Bhongir,2019,374114.5,March,481923.0
330,Adilabad,2016,422963.0833333333,April,341948.0
331,Bhadradri Kothagudem ,2016,296343.3333333333,April,
332,Hyderabad,2016,1949558.75,April,1127738.0
333,Jagtial ,2016,207692.3333333333,April,
334,Jangaon ,2016,13553.333333333334,April,
335,Jayashankar Bhoopalpally,2016,81133.33333333333,April,
336,Jogulamba Gadwal ,2016,174467.0,April,
337,Kamareddy ,2016,42.333333333333336,April,
338,Karimnagar ,2016,763955.6666666666,April,956959.0
339,Khammam,2016,417085.9166666667,April,971622.0
340,Komaram Bheem Asifabad,2016,0.0,April,
341,Mahabubabad ,2016,46667.333333333336,April,
342,Mahbubnagar,2016,692063.8333333334,April,622432.0
343,Mancherial,2016,2600.6666666666665,April,
344,Medak ,2016,288600.0,April,300000.0
345,Nagarkurnool ,2016,196157.66666666663,April,
346,Nalgonda,2016,488205.0833333333,April,601253.0
347,Nirmal,2016,305536.6666666667,April,
348,Nizamabad,2016,536.8333333333334,April,476.0
349,Peddapalli,2016,1081.3333333333333,April,
350,Rajanna Sircilla ,2016,725600.3333333334,April,
351,Sangareddy ,2016,259333.3333333333,April,
352,Siddipet,2016,119466.66666666669,April,
353,Wanaparthy ,2016,20046.0,April,
354,Warangal (Rural),2016,6466.666666666667,April,
355,Warangal (Urban),2016,2149002.9166666665,April,317643.0
356,Yadadri Bhongir,2016,576200.0,April,
357,Adilabad,2017,68781.66666666667,April,13946.0
358,Bhadradri Kothagudem ,2017,341193.0833333333,April,667459.0
359,Hyderabad,2017,2263353.5,April,2366793.0
360,Jagtial ,2017,303450.0833333333,April,330540.0
361,Jangaon ,2017,13809.0,April,9788.0
362,Jayashankar Bhoopalpally,2017,152584.16666666666,April,90700.0
363,Jogulamba Gadwal ,2017,187116.5833333333,April,131426.0
364,Kamareddy ,2017,45.0,April,46.0
365,Karimnagar ,2017,10331.333333333334,April,8630.0
366,Khammam,2017,128533.58333333331,April,135920.0
367,Komaram Bheem Asifabad,2017,4249.25,April,3074.0
368,Mahabubabad ,2017,11817.916666666666,April,9140.0
369,Mahbubnagar,2017,290685.75,April,208694.0
370,Mancherial,2017,15968.833333333334,April,1513.0
371,Medak ,2017,643905.75,April,554864.0
372,Nagarkurnool ,2017,221137.0833333333,April,183697.0
373,Nalgonda,2017,20159.666666666668,April,44295.0
374,Nirmal,2017,367090.25,April,274132.0
375,Nizamabad,2017,1829.0833333333333,April,1048.0
376,Peddapalli,2017,1241.5,April,750.0
377,Rajanna Sircilla ,2017,993278.9166666666,April,1146782.0
378,Sangareddy ,2017,235287.5,April,215000.0
379,Siddipet,2017,95476.75,April,80500.0
380,Wanaparthy ,2017,20391.75,April,11502.0
381,Warangal (Rural),2017,12020.833333333334,April,7600.0
382,Warangal (Urban),2017,118333.5,April,107133.0
383,Yadadri Bhongir,2017,583477.3333333334,April,570000.0
384,Adilabad,2018,53728.583333333336,April,14183.0
385,Bhadradri Kothagudem ,2018,316656.5,April,341258.0
386,Hyderabad,2018,1628637.5833333333,April,1586375.0
387,Jagtial ,2018,329410.0833333333,April,372874.0
388,Jangaon ,2018,24251.83333333333,April,18100.0
389,Jayashankar Bhoopalpally,2018,1407993.75,April,149150.0
390,Jogulamba Gadwal ,2018,169712.08333333334,April,138673.0
391,Kamareddy ,2018,47.66666666666666,April,45.0
392,Karimnagar ,2018,7787.333333333333,April,5830.0
393,Khammam,2018,118120.08333333331,April,126553.0
394,Komaram Bheem Asifabad,2018,1879.5,April,868.0
395,Mahabubabad ,2018,13832.916666666666,April,12915.0
396,Mahbubnagar,2018,237692.3333333333,April,196061.0
397,Mancherial,2018,33167.0,April,38483.0
398,Medak ,2018,325000.0,April,200000.0
399,Nagarkurnool ,2018,174077.08333333334,April,174592.0
400,Nalgonda,2018,13386.5,April,9779.0
401,Nirmal,2018,348110.4166666667,April,368645.0
402,Nizamabad,2018,3451.9166666666665,April,3550.0
403,Peddapalli,2018,1854.5,April,1940.0
404,Rajanna Sircilla ,2018,902852.5833333334,April,833874.0
405,Sangareddy ,2018,189158.3333333333,April,162500.0
406,Siddipet,2018,106941.66666666669,April,115000.0
407,Wanaparthy ,2018,23883.33333333333,April,10550.0
408,Warangal (Rural),2018,25167.666666666668,April,21600.0
409,Warangal (Urban),2018,143611.33333333334,April,142510.0
410,Yadadri Bhongir,2018,1139448.1666666667,April,692370.0
411,Adilabad,2019,64657.91666666666,April,9972.0
412,Bhadradri Kothagudem ,2019,1068144.75,April,349585.0
413,Hyderabad,2019,1150196.8333333333,April,1045933.0
414,Jagtial ,2019,257176.25,April,447226.0
415,Jangaon ,2019,27407.5,April,26160.0
416,Jayashankar Bhoopalpally,2019,55210.833333333336,April,38500.0
417,Jogulamba Gadwal ,2019,167332.91666666666,April,82334.0
418,Kamareddy ,2019,44.5,April,41.0
419,Karimnagar ,2019,6457.583333333333,April,5623.0
420,Khammam,2019,117786.66666666669,April,135920.0
421,Komaram Bheem Asifabad,2019,1599.0833333333333,April,663.0
422,Mahabubabad ,2019,12740.416666666666,April,12980.0
423,Mahbubnagar,2019,211234.5833333333,April,183268.0
424,Mancherial,2019,22484.166666666668,April,23026.0
425,Medak ,2019,454380.8333333333,April,650000.0
426,Mulugu,2019,151650.0,April,152570.0
427,Nagarkurnool ,2019,174442.66666666666,April,121460.0
428,Nalgonda,2019,11743.166666666666,April,7202.0
429,Narayanapet,2019,64875.0,April,
430,Nirmal,2019,318064.8333333333,April,327971.0
431,Nizamabad,2019,3861.0833333333335,April,958.0
432,Peddapalli,2019,1381.75,April,942.0
433,Rajanna Sircilla ,2019,1402741.4166666667,April,1148062.0
434,Sangareddy ,2019,379430.0,April,205000.0
435,Siddipet,2019,248988.66666666663,April,184412.0
436,Wanaparthy ,2019,24886.58333333333,April,23749.0
437,Warangal (Rural),2019,29458.33333333333,April,26900.0
438,Warangal (Urban),2019,149602.5,April,150425.0
439,Yadadri Bhongir,2019,374114.5,April,441150.0
440,Adilabad,2016,422963.0833333333,May,252887.0
441,Bhadradri Kothagudem ,2016,296343.3333333333,May,
442,Hyderabad,2016,1949558.75,May,1287181.0
443,Jagtial ,2016,207692.3333333333,May,
444,Jangaon ,2016,13553.333333333334,May,
445,Jayashankar Bhoopalpally,2016,81133.33333333333,May,
446,Jogulamba Gadwal ,2016,174467.0,May,
447,Kamareddy ,2016,42.333333333333336,May,
448,Karimnagar ,2016,763955.6666666666,May,1095642.0
449,Khammam,2016,417085.9166666667,May,433994.0
450,Komaram Bheem Asifabad,2016,0.0,May,
451,Mahabubabad ,2016,46667.333333333336,May,
452,Mahbubnagar,2016,692063.8333333334,May,571898.0
453,Mancherial,2016,2600.6666666666665,May,
454,Medak ,2016,288600.0,May,198000.0
455,Nagarkurnool ,2016,196157.66666666663,May,
456,Nalgonda,2016,488205.0833333333,May,628872.0
457,Nirmal,2016,305536.6666666667,May,
458,Nizamabad,2016,536.8333333333334,May,554.0
459,Peddapalli,2016,1081.3333333333333,May,
460,Rajanna Sircilla ,2016,725600.3333333334,May,
461,Sangareddy ,2016,259333.3333333333,May,
462,Siddipet,2016,119466.66666666669,May,
463,Wanaparthy ,2016,20046.0,May,
464,Warangal (Rural),2016,6466.666666666667,May,
465,Warangal (Urban),2016,2149002.9166666665,May,373788.0
466,Yadadri Bhongir,2016,576200.0,May,
467,Adilabad,2017,68781.66666666667,May,11752.0
468,Bhadradri Kothagudem ,2017,341193.0833333333,May,311626.0
469,Hyderabad,2017,2263353.5,May,2266793.0
470,Jagtial ,2017,303450.0833333333,May,468038.0
471,Jangaon ,2017,13809.0,May,12130.0
472,Jayashankar Bhoopalpally,2017,152584.16666666666,May,91150.0
473,Jogulamba Gadwal ,2017,187116.5833333333,May,131426.0
474,Kamareddy ,2017,45.0,May,60.0
475,Karimnagar ,2017,10331.333333333334,May,8890.0
476,Khammam,2017,128533.58333333331,May,138799.0
477,Komaram Bheem Asifabad,2017,4249.25,May,3416.0
478,Mahabubabad ,2017,11817.916666666666,May,10220.0
479,Mahbubnagar,2017,290685.75,May,214209.0
480,Mancherial,2017,15968.833333333334,May,1424.0
481,Medak ,2017,643905.75,May,556891.0
482,Nagarkurnool ,2017,221137.0833333333,May,183697.0
483,Nalgonda,2017,20159.666666666668,May,10750.0
484,Nirmal,2017,367090.25,May,297233.0
485,Nizamabad,2017,1829.0833333333333,May,1341.0
486,Peddapalli,2017,1241.5,May,640.0
487,Rajanna Sircilla ,2017,993278.9166666666,May,1117228.0
488,Sangareddy ,2017,235287.5,May,215000.0
489,Siddipet,2017,95476.75,May,80500.0
490,Wanaparthy ,2017,20391.75,May,11502.0
491,Warangal (Rural),2017,12020.833333333334,May,8500.0
492,Warangal (Urban),2017,118333.5,May,109915.0
493,Yadadri Bhongir,2017,583477.3333333334,May,458700.0
494,Adilabad,2018,53728.583333333336,May,8197.0
495,Bhadradri Kothagudem ,2018,316656.5,May,291273.0
496,Hyderabad,2018,1628637.5833333333,May,1189492.0
497,Jagtial ,2018,329410.0833333333,May,641363.0
498,Jangaon ,2018,24251.83333333333,May,19660.0
499,Jayashankar Bhoopalpally,2018,1407993.75,May,152050.0
500,Jogulamba Gadwal ,2018,169712.08333333334,May,131426.0
501,Kamareddy ,2018,47.66666666666666,May,49.0
502,Karimnagar ,2018,7787.333333333333,May,5689.0
503,Khammam,2018,118120.08333333331,May,135189.0
504,Komaram Bheem Asifabad,2018,1879.5,May,793.0
505,Mahabubabad ,2018,13832.916666666666,May,12865.0
506,Mahbubnagar,2018,237692.3333333333,May,193478.0
507,Mancherial,2018,33167.0,May,26179.0
508,Medak ,2018,325000.0,May,300000.0
509,Nagarkurnool ,2018,174077.08333333334,May,183697.0
510,Nalgonda,2018,13386.5,May,10241.0
511,Nirmal,2018,348110.4166666667,May,342650.0
512,Nizamabad,2018,3451.9166666666665,May,5360.0
513,Peddapalli,2018,1854.5,May,1499.0
514,Rajanna Sircilla ,2018,902852.5833333334,May,1021952.0
515,Sangareddy ,2018,189158.3333333333,May,157000.0
516,Siddipet,2018,106941.66666666669,May,165200.0
517,Wanaparthy ,2018,23883.33333333333,May,11502.0
518,Warangal (Rural),2018,25167.666666666668,May,22100.0
519,Warangal (Urban),2018,143611.33333333334,May,143425.0
520,Yadadri Bhongir,2018,1139448.1666666667,May,781842.0
521,Adilabad,2019,64657.91666666666,May,6997.0
522,Bhadradri Kothagudem ,2019,1068144.75,May,275800.0
523,Hyderabad,2019,1150196.8333333333,May,1305748.0
524,Jagtial ,2019,257176.25,May,500206.0
525,Jangaon ,2019,27407.5,May,26740.0
526,Jayashankar Bhoopalpally,2019,55210.833333333336,May,30800.0
527,Jogulamba Gadwal ,2019,167332.91666666666,May,154609.0
528,Kamareddy ,2019,44.5,May,46.0
529,Karimnagar ,2019,6457.583333333333,May,3393.0
530,Khammam,2019,117786.66666666669,May,130971.0
531,Komaram Bheem Asifabad,2019,1599.0833333333333,May,493.0
532,Mahabubabad ,2019,12740.416666666666,May,11970.0
533,Mahbubnagar,2019,211234.5833333333,May,175202.0
534,Mancherial,2019,22484.166666666668,May,26616.0
535,Medak ,2019,454380.8333333333,May,400000.0
536,Mulugu,2019,151650.0,May,154550.0
537,Nagarkurnool ,2019,174442.66666666666,May,184372.0
538,Nalgonda,2019,11743.166666666666,May,26338.0
539,Narayanapet,2019,64875.0,May,
540,Nirmal,2019,318064.8333333333,May,149705.0
541,Nizamabad,2019,3861.0833333333335,May,1193.0
542,Peddapalli,2019,1381.75,May,802.0
543,Rajanna Sircilla ,2019,1402741.4166666667,May,1018131.0
544,Sangareddy ,2019,379430.0,May,133000.0
545,Siddipet,2019,248988.66666666663,May,110500.0
546,Wanaparthy ,2019,24886.58333333333,May,20010.0
547,Warangal (Rural),2019,29458.33333333333,May,24900.0
548,Warangal (Urban),2019,149602.5,May,143230.0
549,Yadadri Bhongir,2019,374114.5,May,345790.0
550,Adilabad,2016,422963.0833333333,June,368237.0
551,Bhadradri Kothagudem ,2016,296343.3333333333,June,
552,Hyderabad,2016,1949558.75,June,12032661.0
553,Jagtial ,2016,207692.3333333333,June,
554,Jangaon ,2016,13553.333333333334,June,
555,Jayashankar Bhoopalpally,2016,81133.33333333333,June,
556,Jogulamba Gadwal ,2016,174467.0,June,
557,Kamareddy ,2016,42.333333333333336,June,
558,Karimnagar ,2016,763955.6666666666,June,914746.0
559,Khammam,2016,417085.9166666667,June,445862.0
560,Komaram Bheem Asifabad,2016,0.0,June,
561,Mahabubabad ,2016,46667.333333333336,June,
562,Mahbubnagar,2016,692063.8333333334,June,561006.0
563,Mancherial,2016,2600.6666666666665,June,
564,Medak ,2016,288600.0,June,166700.0
565,Nagarkurnool ,2016,196157.66666666663,June,
566,Nalgonda,2016,488205.0833333333,June,551239.0
567,Nirmal,2016,305536.6666666667,June,
568,Nizamabad,2016,536.8333333333334,June,367.0
569,Peddapalli,2016,1081.3333333333333,June,
570,Rajanna Sircilla ,2016,725600.3333333334,June,
571,Sangareddy ,2016,259333.3333333333,June,
572,Siddipet,2016,119466.66666666669,June,
573,Wanaparthy ,2016,20046.0,June,
574,Warangal (Rural),2016,6466.666666666667,June,
575,Warangal (Urban),2016,2149002.9166666665,June,365332.0
576,Yadadri Bhongir,2016,576200.0,June,
577,Adilabad,2017,68781.66666666667,June,26859.0
578,Bhadradri Kothagudem ,2017,341193.0833333333,June,351742.0
579,Hyderabad,2017,2263353.5,June,2007060.0
580,Jagtial ,2017,303450.0833333333,June,418103.0
581,Jangaon ,2017,13809.0,June,13750.0
582,Jayashankar Bhoopalpally,2017,152584.16666666666,June,93650.0
583,Jogulamba Gadwal ,2017,187116.5833333333,June,160182.0
584,Kamareddy ,2017,45.0,June,41.0
585,Karimnagar ,2017,10331.333333333334,June,10542.0
586,Khammam,2017,128533.58333333331,June,138158.0
587,Komaram Bheem Asifabad,2017,4249.25,June,3796.0
588,Mahabubabad ,2017,11817.916666666666,June,10130.0
589,Mahbubnagar,2017,290685.75,June,179210.0
590,Mancherial,2017,15968.833333333334,June,2119.0
591,Medak ,2017,643905.75,June,561469.0
592,Nagarkurnool ,2017,221137.0833333333,June,180010.0
593,Nalgonda,2017,20159.666666666668,June,37879.0
594,Nirmal,2017,367090.25,June,340359.0
595,Nizamabad,2017,1829.0833333333333,June,2391.0
596,Peddapalli,2017,1241.5,June,885.0
597,Rajanna Sircilla ,2017,993278.9166666666,June,1113882.0
598,Sangareddy ,2017,235287.5,June,180000.0
599,Siddipet,2017,95476.75,June,60000.0
600,Wanaparthy ,2017,20391.75,June,19092.0
601,Warangal (Rural),2017,12020.833333333334,June,9000.0
602,Warangal (Urban),2017,118333.5,June,111530.0
603,Yadadri Bhongir,2017,583477.3333333334,June,685880.0
604,Adilabad,2018,53728.583333333336,June,12052.0
605,Bhadradri Kothagudem ,2018,316656.5,June,290512.0
606,Hyderabad,2018,1628637.5833333333,June,1595067.0
607,Jagtial ,2018,329410.0833333333,June,182505.0
608,Jangaon ,2018,24251.83333333333,June,23050.0
609,Jayashankar Bhoopalpally,2018,1407993.75,June,159400.0
610,Jogulamba Gadwal ,2018,169712.08333333334,June,160182.0
611,Kamareddy ,2018,47.66666666666666,June,56.0
612,Karimnagar ,2018,7787.333333333333,June,7180.0
613,Khammam,2018,118120.08333333331,June,135988.0
614,Komaram Bheem Asifabad,2018,1879.5,June,990.0
615,Mahabubabad ,2018,13832.916666666666,June,13910.0
616,Mahbubnagar,2018,237692.3333333333,June,165553.0
617,Mancherial,2018,33167.0,June,31667.0
618,Medak ,2018,325000.0,June,500000.0
619,Nagarkurnool ,2018,174077.08333333334,June,180010.0
620,Nalgonda,2018,13386.5,June,9066.0
621,Nirmal,2018,348110.4166666667,June,355197.0
622,Nizamabad,2018,3451.9166666666665,June,1761.0
623,Peddapalli,2018,1854.5,June,1580.0
624,Rajanna Sircilla ,2018,902852.5833333334,June,320886.0
625,Sangareddy ,2018,189158.3333333333,June,93500.0
626,Siddipet,2018,106941.66666666669,June,104300.0
627,Wanaparthy ,2018,23883.33333333333,June,19092.0
628,Warangal (Rural),2018,25167.666666666668,June,23100.0
629,Warangal (Urban),2018,143611.33333333334,June,135615.0
630,Yadadri Bhongir,2018,1139448.1666666667,June,577570.0
631,Adilabad,2019,64657.91666666666,June,9161.0
632,Bhadradri Kothagudem ,2019,1068144.75,June,9761776.0
633,Hyderabad,2019,1150196.8333333333,June,1262995.0
634,Jagtial ,2019,257176.25,June,235363.0
635,Jangaon ,2019,27407.5,June,25820.0
636,Jayashankar Bhoopalpally,2019,55210.833333333336,June,40500.0
637,Jogulamba Gadwal ,2019,167332.91666666666,June,155013.0
638,Kamareddy ,2019,44.5,June,41.0
639,Karimnagar ,2019,6457.583333333333,June,3871.0
640,Khammam,2019,117786.66666666669,June,127270.0
641,Komaram Bheem Asifabad,2019,1599.0833333333333,June,506.0
642,Mahabubabad ,2019,12740.416666666666,June,11460.0
643,Mahbubnagar,2019,211234.5833333333,June,175853.0
644,Mancherial,2019,22484.166666666668,June,24593.0
645,Medak ,2019,454380.8333333333,June,300000.0
646,Mulugu,2019,151650.0,June,163480.0
647,Nagarkurnool ,2019,174442.66666666666,June,184508.0
648,Nalgonda,2019,11743.166666666666,June,5558.0
649,Narayanapet,2019,64875.0,June,
650,Nirmal,2019,318064.8333333333,June,349747.0
651,Nizamabad,2019,3861.0833333333335,June,686.0
652,Peddapalli,2019,1381.75,June,735.0
653,Rajanna Sircilla ,2019,1402741.4166666667,June,1128849.0
654,Sangareddy ,2019,379430.0,June,347000.0
655,Siddipet,2019,248988.66666666663,June,1037000.0
656,Wanaparthy ,2019,24886.58333333333,June,20050.0
657,Warangal (Rural),2019,29458.33333333333,June,27100.0
658,Warangal (Urban),2019,149602.5,June,144400.0
659,Yadadri Bhongir,2019,374114.5,June,370566.0
660,Adilabad,2016,422963.0833333333,July,447562.0
661,Bhadradri Kothagudem ,2016,296343.3333333333,July,
662,Hyderabad,2016,1949558.75,July,1096754.0
663,Jagtial ,2016,207692.3333333333,July,
664,Jangaon ,2016,13553.333333333334,July,
665,Jayashankar Bhoopalpally,2016,81133.33333333333,July,
666,Jogulamba Gadwal ,2016,174467.0,July,
667,Kamareddy ,2016,42.333333333333336,July,
668,Karimnagar ,2016,763955.6666666666,July,401047.0
669,Khammam,2016,417085.9166666667,July,414963.0
670,Komaram Bheem Asifabad,2016,0.0,July,
671,Mahabubabad ,2016,46667.333333333336,July,
672,Mahbubnagar,2016,692063.8333333334,July,562322.0
673,Mancherial,2016,2600.6666666666665,July,
674,Medak ,2016,288600.0,July,153300.0
675,Nagarkurnool ,2016,196157.66666666663,July,
676,Nalgonda,2016,488205.0833333333,July,582820.0
677,Nirmal,2016,305536.6666666667,July,
678,Nizamabad,2016,536.8333333333334,July,644.0
679,Peddapalli,2016,1081.3333333333333,July,
680,Rajanna Sircilla ,2016,725600.3333333334,July,
681,Sangareddy ,2016,259333.3333333333,July,
682,Siddipet,2016,119466.66666666669,July,
683,Wanaparthy ,2016,20046.0,July,
684,Warangal (Rural),2016,6466.666666666667,July,
685,Warangal (Urban),2016,2149002.9166666665,July,340320.0
686,Yadadri Bhongir,2016,576200.0,July,
687,Adilabad,2017,68781.66666666667,July,52386.0
688,Bhadradri Kothagudem ,2017,341193.0833333333,July,258114.0
689,Hyderabad,2017,2263353.5,July,1890870.0
690,Jagtial ,2017,303450.0833333333,July,247254.0
691,Jangaon ,2017,13809.0,July,16050.0
692,Jayashankar Bhoopalpally,2017,152584.16666666666,July,94700.0
693,Jogulamba Gadwal ,2017,187116.5833333333,July,160182.0
694,Kamareddy ,2017,45.0,July,41.0
695,Karimnagar ,2017,10331.333333333334,July,12350.0
696,Khammam,2017,128533.58333333331,July,105102.0
697,Komaram Bheem Asifabad,2017,4249.25,July,3713.0
698,Mahabubabad ,2017,11817.916666666666,July,10170.0
699,Mahbubnagar,2017,290685.75,July,179099.0
700,Mancherial,2017,15968.833333333334,July,33591.0
701,Medak ,2017,643905.75,July,575300.0
702,Nagarkurnool ,2017,221137.0833333333,July,180010.0
703,Nalgonda,2017,20159.666666666668,July,21361.0
704,Nirmal,2017,367090.25,July,328101.0
705,Nizamabad,2017,1829.0833333333333,July,1520.0
706,Peddapalli,2017,1241.5,July,1095.0
707,Rajanna Sircilla ,2017,993278.9166666666,July,462022.0
708,Sangareddy ,2017,235287.5,July,195000.0
709,Siddipet,2017,95476.75,July,88550.0
710,Wanaparthy ,2017,20391.75,July,19092.0
711,Warangal (Rural),2017,12020.833333333334,July,13600.0
712,Warangal (Urban),2017,118333.5,July,116545.0
713,Yadadri Bhongir,2017,583477.3333333334,July,481240.0
714,Adilabad,2018,53728.583333333336,July,24666.0
715,Bhadradri Kothagudem ,2018,316656.5,July,220304.0
716,Hyderabad,2018,1628637.5833333333,July,1470042.0
717,Jagtial ,2018,329410.0833333333,July,182473.0
718,Jangaon ,2018,24251.83333333333,July,26280.0
719,Jayashankar Bhoopalpally,2018,1407993.75,July,128550.0
720,Jogulamba Gadwal ,2018,169712.08333333334,July,114951.0
721,Kamareddy ,2018,47.66666666666666,July,48.0
722,Karimnagar ,2018,7787.333333333333,July,6686.0
723,Khammam,2018,118120.08333333331,July,85932.0
724,Komaram Bheem Asifabad,2018,1879.5,July,1954.0
725,Mahabubabad ,2018,13832.916666666666,July,13970.0
726,Mahbubnagar,2018,237692.3333333333,July,161841.0
727,Mancherial,2018,33167.0,July,27937.0
728,Medak ,2018,325000.0,July,150000.0
729,Nagarkurnool ,2018,174077.08333333334,July,93450.0
730,Nalgonda,2018,13386.5,July,9668.0
731,Nirmal,2018,348110.4166666667,July,335356.0
732,Nizamabad,2018,3451.9166666666665,July,5882.0
733,Peddapalli,2018,1854.5,July,1580.0
734,Rajanna Sircilla ,2018,902852.5833333334,July,937720.0
735,Sangareddy ,2018,189158.3333333333,July,108600.0
736,Siddipet,2018,106941.66666666669,July,54000.0
737,Wanaparthy ,2018,23883.33333333333,July,32625.0
738,Warangal (Rural),2018,25167.666666666668,July,25900.0
739,Warangal (Urban),2018,143611.33333333334,July,136560.0
740,Yadadri Bhongir,2018,1139448.1666666667,July,671156.0
741,Adilabad,2019,64657.91666666666,July,11791.0
742,Bhadradri Kothagudem ,2019,1068144.75,July,233338.0
743,Hyderabad,2019,1150196.8333333333,July,1094861.0
744,Jagtial ,2019,257176.25,July,157419.0
745,Jangaon ,2019,27407.5,July,24160.0
746,Jayashankar Bhoopalpally,2019,55210.833333333336,July,45500.0
747,Jogulamba Gadwal ,2019,167332.91666666666,July,114951.0
748,Kamareddy ,2019,44.5,July,50.0
749,Karimnagar ,2019,6457.583333333333,July,5192.0
750,Khammam,2019,117786.66666666669,July,103260.0
751,Komaram Bheem Asifabad,2019,1599.0833333333333,July,1287.0
752,Mahabubabad ,2019,12740.416666666666,July,13470.0
753,Mahbubnagar,2019,211234.5833333333,July,100398.0
754,Mancherial,2019,22484.166666666668,July,22303.0
755,Medak ,2019,454380.8333333333,July,350000.0
756,Mulugu,2019,151650.0,July,167700.0
757,Nagarkurnool ,2019,174442.66666666666,July,93450.0
758,Nalgonda,2019,11743.166666666666,July,19783.0
759,Narayanapet,2019,64875.0,July,68842.0
760,Nirmal,2019,318064.8333333333,July,359495.0
761,Nizamabad,2019,3861.0833333333335,July,990.0
762,Peddapalli,2019,1381.75,July,1085.0
763,Rajanna Sircilla ,2019,1402741.4166666667,July,422961.0
764,Sangareddy ,2019,379430.0,July,467000.0
765,Siddipet,2019,248988.66666666663,July,179320.0
766,Wanaparthy ,2019,24886.58333333333,July,32625.0
767,Warangal (Rural),2019,29458.33333333333,July,28600.0
768,Warangal (Urban),2019,149602.5,July,145440.0
769,Yadadri Bhongir,2019,374114.5,July,332770.0
770,Adilabad,2016,422963.0833333333,August,614285.0
771,Bhadradri Kothagudem ,2016,296343.3333333333,August,
772,Hyderabad,2016,1949558.75,August,1061137.0
773,Jagtial ,2016,207692.3333333333,August,
774,Jangaon ,2016,13553.333333333334,August,
775,Jayashankar Bhoopalpally,2016,81133.33333333333,August,
776,Jogulamba Gadwal ,2016,174467.0,August,
777,Kamareddy ,2016,42.333333333333336,August,
778,Karimnagar ,2016,763955.6666666666,August,1018399.0
779,Khammam,2016,417085.9166666667,August,503654.0
780,Komaram Bheem Asifabad,2016,0.0,August,
781,Mahabubabad ,2016,46667.333333333336,August,
782,Mahbubnagar,2016,692063.8333333334,August,1133105.0
783,Mancherial,2016,2600.6666666666665,August,
784,Medak ,2016,288600.0,August,216100.0
785,Nagarkurnool ,2016,196157.66666666663,August,
786,Nalgonda,2016,488205.0833333333,August,988102.0
787,Nirmal,2016,305536.6666666667,August,
788,Nizamabad,2016,536.8333333333334,August,589.0
789,Peddapalli,2016,1081.3333333333333,August,
790,Rajanna Sircilla ,2016,725600.3333333334,August,
791,Sangareddy ,2016,259333.3333333333,August,
792,Siddipet,2016,119466.66666666669,August,
793,Wanaparthy ,2016,20046.0,August,
794,Warangal (Rural),2016,6466.666666666667,August,
795,Warangal (Urban),2016,2149002.9166666665,August,368755.0
796,Yadadri Bhongir,2016,576200.0,August,
797,Adilabad,2017,68781.66666666667,August,34876.0
798,Bhadradri Kothagudem ,2017,341193.0833333333,August,316438.0
799,Hyderabad,2017,2263353.5,August,1976980.0
800,Jagtial ,2017,303450.0833333333,August,386458.0
801,Jangaon ,2017,13809.0,August,15680.0
802,Jayashankar Bhoopalpally,2017,152584.16666666666,August,118350.0
803,Jogulamba Gadwal ,2017,187116.5833333333,August,131485.0
804,Kamareddy ,2017,45.0,August,40.0
805,Karimnagar ,2017,10331.333333333334,August,10952.0
806,Khammam,2017,128533.58333333331,August,129159.0
807,Komaram Bheem Asifabad,2017,4249.25,August,3665.0
808,Mahabubabad ,2017,11817.916666666666,August,12520.0
809,Mahbubnagar,2017,290685.75,August,215229.0
810,Mancherial,2017,15968.833333333334,August,26104.0
811,Medak ,2017,643905.75,August,632830.0
812,Nagarkurnool ,2017,221137.0833333333,August,181861.0
813,Nalgonda,2017,20159.666666666668,August,9363.0
814,Nirmal,2017,367090.25,August,340430.0
815,Nizamabad,2017,1829.0833333333333,August,1583.0
816,Peddapalli,2017,1241.5,August,1385.0
817,Rajanna Sircilla ,2017,993278.9166666666,August,1004410.0
818,Sangareddy ,2017,235287.5,August,295000.0
819,Siddipet,2017,95476.75,August,97405.0
820,Wanaparthy ,2017,20391.75,August,21375.0
821,Warangal (Rural),2017,12020.833333333334,August,13650.0
822,Warangal (Urban),2017,118333.5,August,116810.0
823,Yadadri Bhongir,2017,583477.3333333334,August,680720.0
824,Adilabad,2018,53728.583333333336,August,38939.0
825,Bhadradri Kothagudem ,2018,316656.5,August,219548.0
826,Hyderabad,2018,1628637.5833333333,August,1591470.0
827,Jagtial ,2018,329410.0833333333,August,272685.0
828,Jangaon ,2018,24251.83333333333,August,26020.0
829,Jayashankar Bhoopalpally,2018,1407993.75,August,184700.0
830,Jogulamba Gadwal ,2018,169712.08333333334,August,123733.0
831,Kamareddy ,2018,47.66666666666666,August,55.0
832,Karimnagar ,2018,7787.333333333333,August,8480.0
833,Khammam,2018,118120.08333333331,August,86309.0
834,Komaram Bheem Asifabad,2018,1879.5,August,2263.0
835,Mahabubabad ,2018,13832.916666666666,August,13200.0
836,Mahbubnagar,2018,237692.3333333333,August,169154.0
837,Mancherial,2018,33167.0,August,31861.0
838,Medak ,2018,325000.0,August,50000.0
839,Nagarkurnool ,2018,174077.08333333334,August,118010.0
840,Nalgonda,2018,13386.5,August,10135.0
841,Nirmal,2018,348110.4166666667,August,313910.0
842,Nizamabad,2018,3451.9166666666665,August,10525.0
843,Peddapalli,2018,1854.5,August,1595.0
844,Rajanna Sircilla ,2018,902852.5833333334,August,320952.0
845,Sangareddy ,2018,189158.3333333333,August,205000.0
846,Siddipet,2018,106941.66666666669,August,100000.0
847,Wanaparthy ,2018,23883.33333333333,August,35860.0
848,Warangal (Rural),2018,25167.666666666668,August,25700.0
849,Warangal (Urban),2018,143611.33333333334,August,136760.0
850,Yadadri Bhongir,2018,1139448.1666666667,August,526445.0
851,Adilabad,2019,64657.91666666666,August,108173.0
852,Bhadradri Kothagudem ,2019,1068144.75,August,271941.0
853,Hyderabad,2019,1150196.8333333333,August,1121380.0
854,Jagtial ,2019,257176.25,August,151570.0
855,Jangaon ,2019,27407.5,August,27800.0
856,Jayashankar Bhoopalpally,2019,55210.833333333336,August,45000.0
857,Jogulamba Gadwal ,2019,167332.91666666666,August,123733.0
858,Kamareddy ,2019,44.5,August,50.0
859,Karimnagar ,2019,6457.583333333333,August,5480.0
860,Khammam,2019,117786.66666666669,August,111374.0
861,Komaram Bheem Asifabad,2019,1599.0833333333333,August,2572.0
862,Mahabubabad ,2019,12740.416666666666,August,12190.0
863,Mahbubnagar,2019,211234.5833333333,August,104787.0
864,Mancherial,2019,22484.166666666668,August,21191.0
865,Medak ,2019,454380.8333333333,August,349900.0
866,Mulugu,2019,151650.0,August,171050.0
867,Nagarkurnool ,2019,174442.66666666666,August,118010.0
868,Nalgonda,2019,11743.166666666666,August,7473.0
869,Narayanapet,2019,64875.0,August,72249.0
870,Nirmal,2019,318064.8333333333,August,334646.0
871,Nizamabad,2019,3861.0833333333335,August,1004.0
872,Peddapalli,2019,1381.75,August,1505.0
873,Rajanna Sircilla ,2019,1402741.4166666667,August,586118.0
874,Sangareddy ,2019,379430.0,August,466150.0
875,Siddipet,2019,248988.66666666663,August,190750.0
876,Wanaparthy ,2019,24886.58333333333,August,35860.0
877,Warangal (Rural),2019,29458.33333333333,August,31600.0
878,Warangal (Urban),2019,149602.5,August,148030.0
879,Yadadri Bhongir,2019,374114.5,August,389010.0
880,Adilabad,2016,422963.0833333333,September,491279.0
881,Bhadradri Kothagudem ,2016,296343.3333333333,September,
882,Hyderabad,2016,1949558.75,September,832987.0
883,Jagtial ,2016,207692.3333333333,September,
884,Jangaon ,2016,13553.333333333334,September,
885,Jayashankar Bhoopalpally,2016,81133.33333333333,September,
886,Jogulamba Gadwal ,2016,174467.0,September,
887,Kamareddy ,2016,42.333333333333336,September,
888,Karimnagar ,2016,763955.6666666666,September,956959.0
889,Khammam,2016,417085.9166666667,September,368437.0
890,Komaram Bheem Asifabad,2016,0.0,September,
891,Mahabubabad ,2016,46667.333333333336,September,
892,Mahbubnagar,2016,692063.8333333334,September,567712.0
893,Mancherial,2016,2600.6666666666665,September,
894,Medak ,2016,288600.0,September,132600.0
895,Nagarkurnool ,2016,196157.66666666663,September,
896,Nalgonda,2016,488205.0833333333,September,742402.0
897,Nirmal,2016,305536.6666666667,September,
898,Nizamabad,2016,536.8333333333334,September,553.0
899,Peddapalli,2016,1081.3333333333333,September,
900,Rajanna Sircilla ,2016,725600.3333333334,September,
901,Sangareddy ,2016,259333.3333333333,September,
902,Siddipet,2016,119466.66666666669,September,
903,Wanaparthy ,2016,20046.0,September,
904,Warangal (Rural),2016,6466.666666666667,September,
905,Warangal (Urban),2016,2149002.9166666665,September,379210.0
906,Yadadri Bhongir,2016,576200.0,September,
907,Adilabad,2017,68781.66666666667,September,42699.0
908,Bhadradri Kothagudem ,2017,341193.0833333333,September,381784.0
909,Hyderabad,2017,2263353.5,September,2011280.0
910,Jagtial ,2017,303450.0833333333,September,143102.0
911,Jangaon ,2017,13809.0,September,15600.0
912,Jayashankar Bhoopalpally,2017,152584.16666666666,September,112600.0
913,Jogulamba Gadwal ,2017,187116.5833333333,September,123733.0
914,Kamareddy ,2017,45.0,September,41.0
915,Karimnagar ,2017,10331.333333333334,September,7576.0
916,Khammam,2017,128533.58333333331,September,140821.0
917,Komaram Bheem Asifabad,2017,4249.25,September,3934.0
918,Mahabubabad ,2017,11817.916666666666,September,13140.0
919,Mahbubnagar,2017,290685.75,September,180675.0
920,Mancherial,2017,15968.833333333334,September,24297.0
921,Medak ,2017,643905.75,September,696113.0
922,Nagarkurnool ,2017,221137.0833333333,September,118010.0
923,Nalgonda,2017,20159.666666666668,September,17465.0
924,Nirmal,2017,367090.25,September,528540.0
925,Nizamabad,2017,1829.0833333333333,September,933.0
926,Peddapalli,2017,1241.5,September,1155.0
927,Rajanna Sircilla ,2017,993278.9166666666,September,487060.0
928,Sangareddy ,2017,235287.5,September,200000.0
929,Siddipet,2017,95476.75,September,107146.0
930,Wanaparthy ,2017,20391.75,September,35860.0
931,Warangal (Rural),2017,12020.833333333334,September,13800.0
932,Warangal (Urban),2017,118333.5,September,117150.0
933,Yadadri Bhongir,2017,583477.3333333334,September,678925.0
934,Adilabad,2018,53728.583333333336,September,25875.0
935,Bhadradri Kothagudem ,2018,316656.5,September,334878.0
936,Hyderabad,2018,1628637.5833333333,September,1508086.0
937,Jagtial ,2018,329410.0833333333,September,273121.0
938,Jangaon ,2018,24251.83333333333,September,28830.0
939,Jayashankar Bhoopalpally,2018,1407993.75,September,192300.0
940,Jogulamba Gadwal ,2018,169712.08333333334,September,121710.0
941,Kamareddy ,2018,47.66666666666666,September,40.0
942,Karimnagar ,2018,7787.333333333333,September,8480.0
943,Khammam,2018,118120.08333333331,September,143465.0
944,Komaram Bheem Asifabad,2018,1879.5,September,1819.0
945,Mahabubabad ,2018,13832.916666666666,September,13420.0
946,Mahbubnagar,2018,237692.3333333333,September,167833.0
947,Mancherial,2018,33167.0,September,23141.0
948,Medak ,2018,325000.0,September,100000.0
949,Nagarkurnool ,2018,174077.08333333334,September,118449.0
950,Nalgonda,2018,13386.5,September,21365.0
951,Nirmal,2018,348110.4166666667,September,293859.0
952,Nizamabad,2018,3451.9166666666665,September,475.0
953,Peddapalli,2018,1854.5,September,1475.0
954,Rajanna Sircilla ,2018,902852.5833333334,September,818693.0
955,Sangareddy ,2018,189158.3333333333,September,125000.0
956,Siddipet,2018,106941.66666666669,September,55000.0
957,Wanaparthy ,2018,23883.33333333333,September,32002.0
958,Warangal (Rural),2018,25167.666666666668,September,25800.0
959,Warangal (Urban),2018,143611.33333333334,September,138780.0
960,Yadadri Bhongir,2018,1139448.1666666667,September,819350.0
961,Adilabad,2019,64657.91666666666,September,37589.0
962,Bhadradri Kothagudem ,2019,1068144.75,September,314199.0
963,Hyderabad,2019,1150196.8333333333,September,959930.0
964,Jagtial ,2019,257176.25,September,157564.0
965,Jangaon ,2019,27407.5,September,28640.0
966,Jayashankar Bhoopalpally,2019,55210.833333333336,September,50500.0
967,Jogulamba Gadwal ,2019,167332.91666666666,September,131485.0
968,Kamareddy ,2019,44.5,September,41.0
969,Karimnagar ,2019,6457.583333333333,September,8735.0
970,Khammam,2019,117786.66666666669,September,133754.0
971,Komaram Bheem Asifabad,2019,1599.0833333333333,September,1629.0
972,Mahabubabad ,2019,12740.416666666666,September,13210.0
973,Mahbubnagar,2019,211234.5833333333,September,141387.0
974,Mancherial,2019,22484.166666666668,September,24079.0
975,Medak ,2019,454380.8333333333,September,350400.0
976,Mulugu,2019,151650.0,September,172900.0
977,Nagarkurnool ,2019,174442.66666666666,September,175712.0
978,Nalgonda,2019,11743.166666666666,September,5230.0
979,Narayanapet,2019,64875.0,September,62841.0
980,Nirmal,2019,318064.8333333333,September,299827.0
981,Nizamabad,2019,3861.0833333333335,September,6572.0
982,Peddapalli,2019,1381.75,September,1785.0
983,Rajanna Sircilla ,2019,1402741.4166666667,September,501293.0
984,Sangareddy ,2019,379430.0,September,468350.0
985,Siddipet,2019,248988.66666666663,September,122550.0
986,Wanaparthy ,2019,24886.58333333333,September,21375.0
987,Warangal (Rural),2019,29458.33333333333,September,32600.0
988,Warangal (Urban),2019,149602.5,September,151070.0
989,Yadadri Bhongir,2019,374114.5,September,366862.0
990,Adilabad,2016,422963.0833333333,October,94184.0
991,Bhadradri Kothagudem ,2016,296343.3333333333,October,310133.0
992,Hyderabad,2016,1949558.75,October,901960.0
993,Jagtial ,2016,207692.3333333333,October,201249.0
994,Jangaon ,2016,13553.333333333334,October,14770.0
995,Jayashankar Bhoopalpally,2016,81133.33333333333,October,76360.0
996,Jogulamba Gadwal ,2016,174467.0,October,152898.0
997,Kamareddy ,2016,42.333333333333336,October,47.0
998,Karimnagar ,2016,763955.6666666666,October,13675.0
999,Khammam,2016,417085.9166666667,October,121575.0
1000,Komaram Bheem Asifabad,2016,0.0,October,0.0
1001,Mahabubabad ,2016,46667.333333333336,October,13032.0
1002,Mahbubnagar,2016,692063.8333333334,October,198592.0
1003,Mancherial,2016,2600.6666666666665,October,3124.0
1004,Medak ,2016,288600.0,October,15600.0
1005,Nagarkurnool ,2016,196157.66666666663,October,201050.0
1006,Nalgonda,2016,488205.0833333333,October,3508.0
1007,Nirmal,2016,305536.6666666667,October,475955.0
1008,Nizamabad,2016,536.8333333333334,October,434.0
1009,Peddapalli,2016,1081.3333333333333,October,950.0
1010,Rajanna Sircilla ,2016,725600.3333333334,October,534484.0
1011,Sangareddy ,2016,259333.3333333333,October,274000.0
1012,Siddipet,2016,119466.66666666669,October,123500.0
1013,Wanaparthy ,2016,20046.0,October,21234.0
1014,Warangal (Rural),2016,6466.666666666667,October,8200.0
1015,Warangal (Urban),2016,2149002.9166666665,October,128247.0
1016,Yadadri Bhongir,2016,576200.0,October,584800.0
1017,Adilabad,2017,68781.66666666667,October,41666.0
1018,Bhadradri Kothagudem ,2017,341193.0833333333,October,334504.0
1019,Hyderabad,2017,2263353.5,October,2202316.0
1020,Jagtial ,2017,303450.0833333333,October,248504.0
1021,Jangaon ,2017,13809.0,October,16130.0
1022,Jayashankar Bhoopalpally,2017,152584.16666666666,October,115250.0
1023,Jogulamba Gadwal ,2017,187116.5833333333,October,152898.0
1024,Kamareddy ,2017,45.0,October,38.0
1025,Karimnagar ,2017,10331.333333333334,October,8371.0
1026,Khammam,2017,128533.58333333331,October,155943.0
1027,Komaram Bheem Asifabad,2017,4249.25,October,14050.0
1028,Mahabubabad ,2017,11817.916666666666,October,13750.0
1029,Mahbubnagar,2017,290685.75,October,196103.0
1030,Mancherial,2017,15968.833333333334,October,37671.0
1031,Medak ,2017,643905.75,October,765724.0
1032,Nagarkurnool ,2017,221137.0833333333,October,201050.0
1033,Nalgonda,2017,20159.666666666668,October,36066.0
1034,Nirmal,2017,367090.25,October,388644.0
1035,Nizamabad,2017,1829.0833333333333,October,6644.0
1036,Peddapalli,2017,1241.5,October,1595.0
1037,Rajanna Sircilla ,2017,993278.9166666666,October,845620.0
1038,Sangareddy ,2017,235287.5,October,232000.0
1039,Siddipet,2017,95476.75,October,117861.0
1040,Wanaparthy ,2017,20391.75,October,21234.0
1041,Warangal (Rural),2017,12020.833333333334,October,16500.0
1042,Warangal (Urban),2017,118333.5,October,119255.0
1043,Yadadri Bhongir,2017,583477.3333333334,October,683500.0
1044,Adilabad,2018,53728.583333333336,October,30257.0
1045,Bhadradri Kothagudem ,2018,316656.5,October,322974.0
1046,Hyderabad,2018,1628637.5833333333,October,2207478.0
1047,Jagtial ,2018,329410.0833333333,October,138206.0
1048,Jangaon ,2018,24251.83333333333,October,29470.0
1049,Jayashankar Bhoopalpally,2018,1407993.75,October,195400.0
1050,Jogulamba Gadwal ,2018,169712.08333333334,October,152898.0
1051,Kamareddy ,2018,47.66666666666666,October,62.0
1052,Karimnagar ,2018,7787.333333333333,October,6118.0
1053,Khammam,2018,118120.08333333331,October,127645.0
1054,Komaram Bheem Asifabad,2018,1879.5,October,2525.0
1055,Mahabubabad ,2018,13832.916666666666,October,13550.0
1056,Mahbubnagar,2018,237692.3333333333,October,193152.0
1057,Mancherial,2018,33167.0,October,30740.0
1058,Medak ,2018,325000.0,October,300000.0
1059,Nagarkurnool ,2018,174077.08333333334,October,201050.0
1060,Nalgonda,2018,13386.5,October,22332.0
1061,Nirmal,2018,348110.4166666667,October,373291.0
1062,Nizamabad,2018,3451.9166666666665,October,490.0
1063,Peddapalli,2018,1854.5,October,1545.0
1064,Rajanna Sircilla ,2018,902852.5833333334,October,506563.0
1065,Sangareddy ,2018,189158.3333333333,October,171800.0
1066,Siddipet,2018,106941.66666666669,October,43000.0
1067,Wanaparthy ,2018,23883.33333333333,October,21234.0
1068,Warangal (Rural),2018,25167.666666666668,October,26000.0
1069,Warangal (Urban),2018,143611.33333333334,October,140948.0
1070,Yadadri Bhongir,2018,1139448.1666666667,October,586475.0
1071,Adilabad,2019,64657.91666666666,October,38184.0
1072,Bhadradri Kothagudem ,2019,1068144.75,October,287432.0
1073,Hyderabad,2019,1150196.8333333333,October,1240643.0
1074,Jagtial ,2019,257176.25,October,165070.0
1075,Jangaon ,2019,27407.5,October,27840.0
1076,Jayashankar Bhoopalpally,2019,55210.833333333336,October,46000.0
1077,Jogulamba Gadwal ,2019,167332.91666666666,October,152898.0
1078,Kamareddy ,2019,44.5,October,46.0
1079,Karimnagar ,2019,6457.583333333333,October,6799.0
1080,Khammam,2019,117786.66666666669,October,128625.0
1081,Komaram Bheem Asifabad,2019,1599.0833333333333,October,1943.0
1082,Mahabubabad ,2019,12740.416666666666,October,12260.0
1083,Mahbubnagar,2019,211234.5833333333,October,130227.0
1084,Mancherial,2019,22484.166666666668,October,20867.0
1085,Medak ,2019,454380.8333333333,October,350000.0
1086,Mulugu,2019,151650.0,October,172500.0
1087,Nagarkurnool ,2019,174442.66666666666,October,196160.0
1088,Nalgonda,2019,11743.166666666666,October,5290.0
1089,Narayanapet,2019,64875.0,October,58213.0
1090,Nirmal,2019,318064.8333333333,October,263412.0
1091,Nizamabad,2019,3861.0833333333335,October,8849.0
1092,Peddapalli,2019,1381.75,October,2080.0
1093,Rajanna Sircilla ,2019,1402741.4166666667,October,646492.0
1094,Sangareddy ,2019,379430.0,October,467470.0
1095,Siddipet,2019,248988.66666666663,October,191330.0
1096,Wanaparthy ,2019,24886.58333333333,October,21234.0
1097,Warangal (Rural),2019,29458.33333333333,October,31100.0
1098,Warangal (Urban),2019,149602.5,October,147450.0
1099,Yadadri Bhongir,2019,374114.5,October,381860.0
1100,Adilabad,2016,422963.0833333333,November,99148.0
1101,Bhadradri Kothagudem ,2016,296343.3333333333,November,252127.0
1102,Hyderabad,2016,1949558.75,November,909733.0
1103,Jagtial ,2016,207692.3333333333,November,214534.0
1104,Jangaon ,2016,13553.333333333334,November,13210.0
1105,Jayashankar Bhoopalpally,2016,81133.33333333333,November,81580.0
1106,Jogulamba Gadwal ,2016,174467.0,November,188170.0
1107,Kamareddy ,2016,42.333333333333336,November,38.0
1108,Karimnagar ,2016,763955.6666666666,November,13350.0
1109,Khammam,2016,417085.9166666667,November,110634.0
1110,Komaram Bheem Asifabad,2016,0.0,November,0.0
1111,Mahabubabad ,2016,46667.333333333336,November,114015.0
1112,Mahbubnagar,2016,692063.8333333334,November,256375.0
1113,Mancherial,2016,2600.6666666666665,November,2255.0
1114,Medak ,2016,288600.0,November,132300.0
1115,Nagarkurnool ,2016,196157.66666666663,November,188786.0
1116,Nalgonda,2016,488205.0833333333,November,21046.0
1117,Nirmal,2016,305536.6666666667,November,201388.0
1118,Nizamabad,2016,536.8333333333334,November,617.0
1119,Peddapalli,2016,1081.3333333333333,November,1145.0
1120,Rajanna Sircilla ,2016,725600.3333333334,November,864077.0
1121,Sangareddy ,2016,259333.3333333333,November,349000.0
1122,Siddipet,2016,119466.66666666669,November,154400.0
1123,Wanaparthy ,2016,20046.0,November,18348.0
1124,Warangal (Rural),2016,6466.666666666667,November,6050.0
1125,Warangal (Urban),2016,2149002.9166666665,November,129250.0
1126,Yadadri Bhongir,2016,576200.0,November,681000.0
1127,Adilabad,2017,68781.66666666667,November,117322.0
1128,Bhadradri Kothagudem ,2017,341193.0833333333,November,281515.0
1129,Hyderabad,2017,2263353.5,November,1971438.0
1130,Jagtial ,2017,303450.0833333333,November,348042.0
1131,Jangaon ,2017,13809.0,November,16360.0
1132,Jayashankar Bhoopalpally,2017,152584.16666666666,November,116800.0
1133,Jogulamba Gadwal ,2017,187116.5833333333,November,188170.0
1134,Kamareddy ,2017,45.0,November,43.0
1135,Karimnagar ,2017,10331.333333333334,November,8705.0
1136,Khammam,2017,128533.58333333331,November,110800.0
1137,Komaram Bheem Asifabad,2017,4249.25,November,3627.0
1138,Mahabubabad ,2017,11817.916666666666,November,13560.0
1139,Mahbubnagar,2017,290685.75,November,259060.0
1140,Mancherial,2017,15968.833333333334,November,25737.0
1141,Medak ,2017,643905.75,November,842296.0
1142,Nagarkurnool ,2017,221137.0833333333,November,188786.0
1143,Nalgonda,2017,20159.666666666668,November,17687.0
1144,Nirmal,2017,367090.25,November,369365.0
1145,Nizamabad,2017,1829.0833333333333,November,1677.0
1146,Peddapalli,2017,1241.5,November,1940.0
1147,Rajanna Sircilla ,2017,993278.9166666666,November,1191129.0
1148,Sangareddy ,2017,235287.5,November,324500.0
1149,Siddipet,2017,95476.75,November,129647.0
1150,Wanaparthy ,2017,20391.75,November,18348.0
1151,Warangal (Rural),2017,12020.833333333334,November,16300.0
1152,Warangal (Urban),2017,118333.5,November,119360.0
1153,Yadadri Bhongir,2017,583477.3333333334,November,537600.0
1154,Adilabad,2018,53728.583333333336,November,49181.0
1155,Bhadradri Kothagudem ,2018,316656.5,November,253464.0
1156,Hyderabad,2018,1628637.5833333333,November,1671320.0
1157,Jagtial ,2018,329410.0833333333,November,277997.0
1158,Jangaon ,2018,24251.83333333333,November,29570.0
1159,Jayashankar Bhoopalpally,2018,1407993.75,November,196500.0
1160,Jogulamba Gadwal ,2018,169712.08333333334,November,128075.0
1161,Kamareddy ,2018,47.66666666666666,November,41.0
1162,Karimnagar ,2018,7787.333333333333,November,7145.0
1163,Khammam,2018,118120.08333333331,November,99070.0
1164,Komaram Bheem Asifabad,2018,1879.5,November,1741.0
1165,Mahabubabad ,2018,13832.916666666666,November,13700.0
1166,Mahbubnagar,2018,237692.3333333333,November,295910.0
1167,Mancherial,2018,33167.0,November,25197.0
1168,Medak ,2018,325000.0,November,200000.0
1169,Nagarkurnool ,2018,174077.08333333334,November,121452.0
1170,Nalgonda,2018,13386.5,November,5422.0
1171,Nirmal,2018,348110.4166666667,November,289169.0
1172,Nizamabad,2018,3451.9166666666665,November,475.0
1173,Peddapalli,2018,1854.5,November,1655.0
1174,Rajanna Sircilla ,2018,902852.5833333334,November,840933.0
1175,Sangareddy ,2018,189158.3333333333,November,160000.0
1176,Siddipet,2018,106941.66666666669,November,135000.0
1177,Wanaparthy ,2018,23883.33333333333,November,32657.0
1178,Warangal (Rural),2018,25167.666666666668,November,24050.0
1179,Warangal (Urban),2018,143611.33333333334,November,144515.0
1180,Yadadri Bhongir,2018,1139448.1666666667,November,485208.0
1181,Adilabad,2019,64657.91666666666,November,70344.0
1182,Bhadradri Kothagudem ,2019,1068144.75,November,298366.0
1183,Hyderabad,2019,1150196.8333333333,November,1073665.0
1184,Jagtial ,2019,257176.25,November,277630.0
1185,Jangaon ,2019,27407.5,November,28410.0
1186,Jayashankar Bhoopalpally,2019,55210.833333333336,November,51500.0
1187,Jogulamba Gadwal ,2019,167332.91666666666,November,128075.0
1188,Kamareddy ,2019,44.5,November,46.0
1189,Karimnagar ,2019,6457.583333333333,November,7101.0
1190,Khammam,2019,117786.66666666669,November,104380.0
1191,Komaram Bheem Asifabad,2019,1599.0833333333333,November,2176.0
1192,Mahabubabad ,2019,12740.416666666666,November,12470.0
1193,Mahbubnagar,2019,211234.5833333333,November,234066.0
1194,Mancherial,2019,22484.166666666668,November,29302.0
1195,Medak ,2019,454380.8333333333,November,351560.0
1196,Mulugu,2019,151650.0,November,173700.0
1197,Nagarkurnool ,2019,174442.66666666666,November,121425.0
1198,Nalgonda,2019,11743.166666666666,November,7177.0
1199,Narayanapet,2019,64875.0,November,62750.0
1200,Nirmal,2019,318064.8333333333,November,253388.0
1201,Nizamabad,2019,3861.0833333333335,November,11950.0
1202,Peddapalli,2019,1381.75,November,2225.0
1203,Rajanna Sircilla ,2019,1402741.4166666667,November,1259371.0
1204,Sangareddy ,2019,379430.0,November,481720.0
1205,Siddipet,2019,248988.66666666663,November,209130.0
1206,Wanaparthy ,2019,24886.58333333333,November,32657.0
1207,Warangal (Rural),2019,29458.33333333333,November,32150.0
1208,Warangal (Urban),2019,149602.5,November,153880.0
1209,Yadadri Bhongir,2019,374114.5,November,365990.0
1210,Adilabad,2016,422963.0833333333,December,53125.0
1211,Bhadradri Kothagudem ,2016,296343.3333333333,December,326770.0
1212,Hyderabad,2016,1949558.75,December,1225502.0
1213,Jagtial ,2016,207692.3333333333,December,207294.0
1214,Jangaon ,2016,13553.333333333334,December,12680.0
1215,Jayashankar Bhoopalpally,2016,81133.33333333333,December,85460.0
1216,Jogulamba Gadwal ,2016,174467.0,December,182333.0
1217,Kamareddy ,2016,42.333333333333336,December,42.0
1218,Karimnagar ,2016,763955.6666666666,December,13890.0
1219,Khammam,2016,417085.9166666667,December,116403.0
1220,Komaram Bheem Asifabad,2016,0.0,December,0.0
1221,Mahabubabad ,2016,46667.333333333336,December,12955.0
1222,Mahbubnagar,2016,692063.8333333334,December,210202.0
1223,Mancherial,2016,2600.6666666666665,December,2423.0
1224,Medak ,2016,288600.0,December,523000.0
1225,Nagarkurnool ,2016,196157.66666666663,December,198637.0
1226,Nalgonda,2016,488205.0833333333,December,13775.0
1227,Nirmal,2016,305536.6666666667,December,239267.0
1228,Nizamabad,2016,536.8333333333334,December,355.0
1229,Peddapalli,2016,1081.3333333333333,December,1149.0
1230,Rajanna Sircilla ,2016,725600.3333333334,December,778240.0
1231,Sangareddy ,2016,259333.3333333333,December,155000.0
1232,Siddipet,2016,119466.66666666669,December,80500.0
1233,Wanaparthy ,2016,20046.0,December,20556.0
1234,Warangal (Rural),2016,6466.666666666667,December,5150.0
1235,Warangal (Urban),2016,2149002.9166666665,December,127500.0
1236,Yadadri Bhongir,2016,576200.0,December,462800.0
1237,Adilabad,2017,68781.66666666667,December,54251.0
1238,Bhadradri Kothagudem ,2017,341193.0833333333,December,393518.0
1239,Hyderabad,2017,2263353.5,December,4871416.0
1240,Jagtial ,2017,303450.0833333333,December,393566.0
1241,Jangaon ,2017,13809.0,December,16880.0
1242,Jayashankar Bhoopalpally,2017,152584.16666666666,December,723000.0
1243,Jogulamba Gadwal ,2017,187116.5833333333,December,214887.0
1244,Kamareddy ,2017,45.0,December,41.0
1245,Karimnagar ,2017,10331.333333333334,December,13065.0
1246,Khammam,2017,128533.58333333331,December,137825.0
1247,Komaram Bheem Asifabad,2017,4249.25,December,4218.0
1248,Mahabubabad ,2017,11817.916666666666,December,13780.0
1249,Mahbubnagar,2017,290685.75,December,426167.0
1250,Mancherial,2017,15968.833333333334,December,30328.0
1251,Medak ,2017,643905.75,December,926526.0
1252,Nagarkurnool ,2017,221137.0833333333,December,382879.0
1253,Nalgonda,2017,20159.666666666668,December,25897.0
1254,Nirmal,2017,367090.25,December,340585.0
1255,Nizamabad,2017,1829.0833333333333,December,1787.0
1256,Peddapalli,2017,1241.5,December,1765.0
1257,Rajanna Sircilla ,2017,993278.9166666666,December,1649362.0
1258,Sangareddy ,2017,235287.5,December,356950.0
1259,Siddipet,2017,95476.75,December,142612.0
1260,Wanaparthy ,2017,20391.75,December,22152.0
1261,Warangal (Rural),2017,12020.833333333334,December,21200.0
1262,Warangal (Urban),2017,118333.5,December,126790.0
1263,Yadadri Bhongir,2017,583477.3333333334,December,481075.0
1264,Adilabad,2018,53728.583333333336,December,61476.0
1265,Bhadradri Kothagudem ,2018,316656.5,December,442483.0
1266,Hyderabad,2018,1628637.5833333333,December,1964150.0
1267,Jagtial ,2018,329410.0833333333,December,231323.0
1268,Jangaon ,2018,24251.83333333333,December,36962.0
1269,Jayashankar Bhoopalpally,2018,1407993.75,December,245625.0
1270,Jogulamba Gadwal ,2018,169712.08333333334,December,182333.0
1271,Kamareddy ,2018,47.66666666666666,December,43.0
1272,Karimnagar ,2018,7787.333333333333,December,7800.0
1273,Khammam,2018,118120.08333333331,December,135600.0
1274,Komaram Bheem Asifabad,2018,1879.5,December,2176.0
1275,Mahabubabad ,2018,13832.916666666666,December,17125.0
1276,Mahbubnagar,2018,237692.3333333333,December,198227.0
1277,Mancherial,2018,33167.0,December,31496.0
1278,Medak ,2018,325000.0,December,400000.0
1279,Nagarkurnool ,2018,174077.08333333334,December,198637.0
1280,Nalgonda,2018,13386.5,December,6777.0
1281,Nirmal,2018,348110.4166666667,December,361461.0
1282,Nizamabad,2018,3451.9166666666665,December,355.0
1283,Peddapalli,2018,1854.5,December,1695.0
1284,Rajanna Sircilla ,2018,902852.5833333334,December,950128.0
1285,Sangareddy ,2018,189158.3333333333,December,134000.0
1286,Siddipet,2018,106941.66666666669,December,50000.0
1287,Wanaparthy ,2018,23883.33333333333,December,20556.0
1288,Warangal (Rural),2018,25167.666666666668,December,30062.0
1289,Warangal (Urban),2018,143611.33333333334,December,180643.0
1290,Yadadri Bhongir,2018,1139448.1666666667,December,606510.0
1291,Adilabad,2019,64657.91666666666,December,38089.0
1292,Bhadradri Kothagudem ,2019,1068144.75,December,287328.0
1293,Hyderabad,2019,1150196.8333333333,December,1277569.0
1294,Jagtial ,2019,257176.25,December,372959.0
1295,Jangaon ,2019,27407.5,December,28460.0
1296,Jayashankar Bhoopalpally,2019,55210.833333333336,December,45800.0
1297,Jogulamba Gadwal ,2019,167332.91666666666,December,182333.0
1298,Kamareddy ,2019,44.5,December,45.0
1299,Karimnagar ,2019,6457.583333333333,December,7898.0
1300,Khammam,2019,117786.66666666669,December,124525.0
1301,Komaram Bheem Asifabad,2019,1599.0833333333333,December,2783.0
1302,Mahabubabad ,2019,12740.416666666666,December,12360.0
1303,Mahbubnagar,2019,211234.5833333333,December,148938.0
1304,Mancherial,2019,22484.166666666668,December,16835.0
1305,Medak ,2019,454380.8333333333,December,350710.0
1306,Mulugu,2019,151650.0,December,175100.0
1307,Nagarkurnool ,2019,174442.66666666666,December,198637.0
1308,Nalgonda,2019,11743.166666666666,December,13419.0
1309,Narayanapet,2019,64875.0,December,64355.0
1310,Nirmal,2019,318064.8333333333,December,296050.0
1311,Nizamabad,2019,3861.0833333333335,December,11400.0
1312,Peddapalli,2019,1381.75,December,2315.0
1313,Rajanna Sircilla ,2019,1402741.4166666667,December,1472801.0
1314,Sangareddy ,2019,379430.0,December,478470.0
1315,Siddipet,2019,248988.66666666663,December,217930.0
1316,Wanaparthy ,2019,24886.58333333333,December,20556.0
1317,Warangal (Rural),2019,29458.33333333333,December,32050.0
1318,Warangal (Urban),2019,149602.5,December,147700.0
1319,Yadadri Bhongir,2019,374114.5,December,477635.0
